Designator,Footprint,Quantity,Value,LCSC Part #
C1,0402,1,0.1uf,C56392
C2,0402,1,1uf,C14445
C3,0402,1,10uf,C76991
C4,0402,1,0.1uf,C56392
C5,0402,1,0.1uf,C56392
C6,0402,1,0.1uf,C56392
C7,0402,1,10uf,C76991
C8,0402,1,10uf,C76991
C9,0402,1,1uf,C14445
D1,D_SOD-123,1,MBR0540,C116159
D2,SOT143,1,SP0503BAHTG,
D3,0402,1,LED,C71911
D4,0402,1,LED,C71911
D5,0402,1,LED,C71911
D6,0402,1,LED,C71911
J1,USB_C_Receptacle_GCT_USB4105-xx-A_16P_TopMnt_Horizontal,1,USB_C_Receptacle_USB2.0,
R1,01005,1,5k1,C105872
R2,01005,1,5k1,C105872
R3,0603,1,100k,C319969
R4,0603,1,100k,C319969
R5,0603,1,1k1,C22764
R6,0603,1,1k1,C22764
R7,0603,1,1k1,C22764
R8,0603,1,1k1,C22764
R9,0603,1,1k1,C22764
U1,XCVR_ESP32-S3-WROOM-1-N4R2,1,ESP32-S3-WROOM-1-N4R2,
U2,SOT-23-5,1,AP2112K-3.3,C3021085
U3,QFN-28-1EP_5x5mm_P0.5mm_EP3.35x3.35mm,1,CP2102N-Axx-xQFN28,C6568
