Designator,Footprint,Quantity,Value,LCSC Part #
"C1, C11, C6",0402,3,1uf,C14445
C10,CP_Radial_D10.0mm_P5.00mm,1,1000uf 25v,
C12,0402,1,1nF,C1523
"C2, C3, C4, C5",0402,4,0.1uf,C56392
"C7, C8, C9",0402,3,10uf,C76991
D1,SOT143,1,SP0503BAHTG,C3029025
"D10, D11, D7, D8, D9",0402,5,LED,C71911
D2,D_SOD-123,1,MBR0540,C116159
"D3, D4, D5, D6",LED_WS2812B-2020_PLCC4_2.0x2.0mm,4,WS2812B,C2976072
F1,C_Disc_D5.0mm_W2.5mm_P2.50mm,1,1A,
J1,USB_C_Receptacle_GCT_USB4105-xx-A_16P_TopMnt_Horizontal,1,USB_C_Receptacle_USB2.0,C319148
J3,PinHeader_1x09_P1.27mm_Vertical,1,IO_2,
J4,PinHeader_1x03_P2.54mm_Vertical,1,LED_MATRIX,
J5,PinHeader_1x02_P2.54mm_Vertical,1,Program,
J6,PinHeader_2x03_P2.54mm_Vertical,1,PowerSelector,
J7,PinHeader_1x09_P2.54mm_Vertical,1,Conn_01x09_Pin,
J_5V1,JST_EH_B4B-EH-A_1x04_P2.50mm_Vertical,1,Ext_Power_IN,
J_5V2,JST_EH_B4B-EH-A_1x04_P2.50mm_Vertical,1,Ext_Power_OUT,
J_I2C1,PinHeader_1x04_P2.54mm_Vertical,1,I2C Temp,
J_LCD1,PinHeader_1x04_P2.54mm_Vertical,1,I2C LCD,
"Q1, Q2",TRANS_SS8050-G,2,SS8050-G,C164885
"R1, R2",0402,2,5k1,C105872
"R10, R11, R12, R3, R4, R8, R9",0603,7,1k1,C22764
"R13, R14, R15, R16, R22, R23, R24, R25, R7",R_Axial_DIN0204_L3.6mm_D1.6mm_P5.08mm_Horizontal,9,422,
"R17, R19",0402,2,100k,C25741
R18,0402,1,22K,C25768
"R20, R21",0402,2,2k2,C25879
"R5, R6",0603,2,100k,C319969
SW1,SolderJumper-2_P1.3mm_Open_Pad1.0x1.5mm,1,EN_SW,
SW2,SolderJumper-2_P1.3mm_Open_Pad1.0x1.5mm,1,BOOT_SW,
"TP1, TP2, TP3, TPG1",TestPoint_THTPad_1.0x1.0mm_Drill0.5mm,4,TestPoint,
U1,XCVR_ESP32-S3-WROOM-1-N4R2,1,ESP32-S3-WROOM-1-N4R2,C2913203
U2,SOIC-20W_7.5x12.8mm_P1.27mm,1,74HC245,C5625
U3,QFN-28-1EP_5x5mm_P0.5mm_EP3.35x3.35mm,1,CP2102N-Axx-xQFN28,C6568
U4,SOT-23-5,1,AP2112K-3.3,C3021085
